<?xml version="1.0" encoding="UTF-8" standalone="yes"?>
<manifest>
  <control namespace="YA" constructor="MyJs" version="0.0.1" display-name-key="MyJs" description-key="MyJs description" control-type="standard" api-version="1.3.5">
    <type-group name="types">
      <type>SingleLine.Text</type>
      <type>Multiple</type>
      <type>Whole.None</type>
      <type>Currency</type>
      <type>FP</type>
      <type>Decimal</type>
      <type>DateAndTime.DateAndTime</type>
      <type>TwoOptions</type>
      <type>OptionSet</type>
    </type-group>
    <property name="jscode" display-name-key="jscode" description-key="jscode" of-type="Multiple" usage="input" required="true"/>
    <property name="inArgument1" display-name-key="inArgument1" description-key="inArgument1" of-type-group="types" usage="input" required="false"/>
    <property name="inArgument2" display-name-key="inArgument2" description-key="inArgument2" of-type-group="types" usage="input" required="false"/>
    <property name="outArgument1" display-name-key="outArgument1" description-key="outArgument1" of-type-group="types" usage="output" required="false"/>
    <property name="outArgument2" display-name-key="outArgument2" description-key="outArgument2" of-type-group="types" usage="output" required="false"/>
    <property name="debug" display-name-key="debug" description-key="debug" of-type="Multiple" usage="output" required="false"/>
    <resources>
      <code path="bundle.js" order="1"/>
    </resources>
    <feature-usage>
      <uses-feature name="Device.captureAudio" required="true"/>
      <uses-feature name="Device.captureImage" required="true"/>
      <uses-feature name="Device.captureVideo" required="true"/>
      <uses-feature name="Device.getBarcodeValue" required="true"/>
      <uses-feature name="Device.getCurrentPosition" required="true"/>
      <uses-feature name="Device.pickFile" required="true"/>
      <uses-feature name="Utility" required="true"/>
      <uses-feature name="WebAPI" required="true"/>
    </feature-usage>
    <built-by name="pac" version="1.26.5"/>
  </control>
</manifest>